"rep","parameter","value","sil_anchor","elapsed","error"
1,"lambda",1e-04,0.792622097688204,0.864,""
1,"lambda",0.001,0.792618125290372,0.725000000000001,""
1,"lambda",0.005,0.792600190981257,0.702,""
1,"lambda",0.01,0.792577053984066,0.691,""
1,"lambda",0.05,0.792368727332806,0.708,""
1,"lambda",0.1,0.792062405178421,0.687,""
1,"lambda",0.5,0.788612329831704,0.688999999999999,""
1,"lambda",1,0.783062389183901,0.692,""
1,"gamma_y",0,-0.104173726185487,0.679,""
1,"gamma_y",0.1,0.792468676085206,0.693,""
1,"gamma_y",0.5,0.792570930570504,0.701000000000001,""
1,"gamma_y",1,0.792577053984066,0.711,""
1,"gamma_y",2,0.792579452241623,0.702999999999999,""
1,"gamma_y",5,0.792580710213722,0.731,""
1,"gamma_y",10,0.792581135386828,0.696,""
1,"gamma_y",20,0.792581371782147,0.704000000000001,""
1,"k_nn",3,0.735581835838325,0.601000000000001,""
1,"k_nn",5,0.717242540037352,0.702999999999999,""
1,"k_nn",10,0.792577053984066,0.698,""
1,"k_nn",15,0.845226127645974,0.609999999999999,""
1,"k_nn",25,0.849890259964241,0.606000000000002,""
1,"k_nn",50,0.823649442119588,0.698999999999998,""
2,"lambda",1e-04,0.884206041348515,0.843,""
2,"lambda",0.001,0.884204586766512,0.749,""
2,"lambda",0.005,0.884197000598387,0.766,""
2,"lambda",0.01,0.884185802187933,0.781000000000001,""
2,"lambda",0.05,0.884048400540278,0.785,""
2,"lambda",0.1,0.88379149122596,0.751,""
2,"lambda",0.5,0.880163352504922,0.782999999999999,""
2,"lambda",1,0.873989985853154,0.768000000000001,""
2,"gamma_y",0,-0.0888882821679179,0.766999999999999,""
2,"gamma_y",0.1,0.88394475104438,0.788,""
2,"gamma_y",0.5,0.884170444455571,0.796999999999999,""
2,"gamma_y",1,0.884185802187933,0.789999999999999,""
2,"gamma_y",2,0.884192008390017,0.803000000000001,""
2,"gamma_y",5,0.884195222535326,0.782,""
2,"gamma_y",10,0.884196223971184,0.745999999999999,""
2,"gamma_y",20,0.884196725328549,0.802999999999999,""
2,"k_nn",3,0.84222295762289,0.559999999999999,""
2,"k_nn",5,0.859819022792395,0.719999999999999,""
2,"k_nn",10,0.884185802187933,0.748999999999999,""
2,"k_nn",15,0.761358650607234,0.548999999999999,""
2,"k_nn",25,0.896889005097249,0.580000000000002,""
2,"k_nn",50,0.876085368531189,0.735999999999997,""
3,"lambda",1e-04,0.671087972684741,0.911,""
3,"lambda",0.001,0.671086613041554,0.789,""
3,"lambda",0.005,0.671080460643761,0.955,""
3,"lambda",0.01,0.671072358955162,0.802,""
3,"lambda",0.05,0.670994112700682,0.772,""
3,"lambda",0.1,0.670869303963858,0.795,""
3,"lambda",0.5,0.669206911517823,0.762,""
3,"lambda",1,0.666193869938726,0.818,""
3,"gamma_y",0,-0.060110059241714,0.746,""
3,"gamma_y",0.1,0.671033716936404,0.76,""
3,"gamma_y",0.5,0.671071541142653,0.771000000000001,""
3,"gamma_y",1,0.671072358955162,0.738,""
3,"gamma_y",2,0.671072374035001,0.778,""
3,"gamma_y",5,0.67107226279202,0.780000000000001,""
3,"gamma_y",10,0.671072217041417,0.783999999999999,""
3,"gamma_y",20,0.671072199969339,0.794,""
3,"k_nn",3,0.656332523457976,0.745999999999999,""
3,"k_nn",5,0.675905523947911,0.731000000000002,""
3,"k_nn",10,0.671072358955162,0.744999999999997,""
3,"k_nn",15,0.675900746136805,0.756,""
3,"k_nn",25,0.709561575338046,0.544,""
3,"k_nn",50,0.842049908608131,0.658000000000001,""
4,"lambda",1e-04,0.910861831006763,0.85,""
4,"lambda",0.001,0.910861047684357,0.784,""
4,"lambda",0.005,0.910856435293073,0.966,""
4,"lambda",0.01,0.910848409041529,0.762,""
4,"lambda",0.05,0.910722059035514,0.745,""
4,"lambda",0.1,0.910459396946314,0.777,""
4,"lambda",0.5,0.906525894685282,0.764,""
4,"lambda",1,0.899831998838796,0.798,""
4,"gamma_y",0,-0.129834202458936,0.765000000000001,""
4,"gamma_y",0.1,0.910604473942256,0.800999999999998,""
4,"gamma_y",0.5,0.910835751994688,0.795,""
4,"gamma_y",1,0.910848409041529,0.780000000000001,""
4,"gamma_y",2,0.910852767397202,0.818999999999999,""
4,"gamma_y",5,0.910854674567521,0.813000000000001,""
4,"gamma_y",10,0.910855195375281,0.798999999999999,""
4,"gamma_y",20,0.910855441997452,0.802999999999999,""
4,"k_nn",3,0.797967040188264,0.544,""
4,"k_nn",5,0.894205716238129,0.548999999999999,""
4,"k_nn",10,0.910848409041529,0.558,""
4,"k_nn",15,0.906925183885417,0.579999999999998,""
4,"k_nn",25,0.911916097599395,0.536999999999999,""
4,"k_nn",50,0.92955602367194,0.548999999999999,""
5,"lambda",1e-04,0.705336482757904,0.959,""
5,"lambda",0.001,0.705334991647653,0.834,""
5,"lambda",0.005,0.705328026406467,0.787,""
5,"lambda",0.01,0.705318700598827,0.798,""
5,"lambda",0.05,0.705226028865086,0.797,""
5,"lambda",0.1,0.705075990589289,0.791,""
5,"lambda",0.5,0.703131750161876,0.790999999999999,""
5,"lambda",1,0.699733419976631,0.792999999999999,""
5,"gamma_y",0,-0.171929642680442,0.788,""
5,"gamma_y",0.1,0.705276866888713,0.787000000000001,""
5,"gamma_y",0.5,0.70531856952686,0.808999999999999,""
5,"gamma_y",1,0.705318700598827,0.982000000000001,""
5,"gamma_y",2,0.705318210174757,0.800000000000001,""
5,"gamma_y",5,0.705317709872215,0.798999999999999,""
5,"gamma_y",10,0.705317501386397,0.803000000000001,""
5,"gamma_y",20,0.705317386532743,0.802,""
5,"k_nn",3,0.755890553150916,0.560000000000002,""
5,"k_nn",5,0.797412152172729,0.754000000000001,""
5,"k_nn",10,0.705318700598827,0.765000000000001,""
5,"k_nn",15,0.717376136971988,0.757999999999999,""
5,"k_nn",25,0.779254812255089,0.553000000000001,""
5,"k_nn",50,0.810079235412271,0.588000000000001,""
6,"lambda",1e-04,0.804817753850219,0.883,""
6,"lambda",0.001,0.804816112325008,0.776,""
6,"lambda",0.005,0.8048081459836,0.98,""
6,"lambda",0.01,0.80479696502221,0.783,""
6,"lambda",0.05,0.80467299284815,0.735,""
6,"lambda",0.1,0.804456207831361,0.756,""
6,"lambda",0.5,0.801496685557905,0.743,""
6,"lambda",1,0.796439310771965,0.790000000000001,""
6,"gamma_y",0,-0.130071551557636,0.75,""
6,"gamma_y",0.1,0.804667518352427,0.789,""
6,"gamma_y",0.5,0.804790867103534,0.779999999999999,""
6,"gamma_y",1,0.80479696502221,0.774000000000001,""
6,"gamma_y",2,0.804798944155011,0.802,""
6,"gamma_y",5,0.804799765398928,0.783999999999999,""
6,"gamma_y",10,0.804799992359593,0.799999999999999,""
6,"gamma_y",20,0.804800108865906,0.795999999999999,""
6,"k_nn",3,0.861053277952248,0.556000000000001,""
6,"k_nn",5,0.82341624058398,0.730999999999998,""
6,"k_nn",10,0.80479696502221,0.754000000000001,""
6,"k_nn",15,0.783570156889528,0.716999999999999,""
6,"k_nn",25,0.77202871508084,0.756,""
6,"k_nn",50,0.77558107964347,0.684999999999999,""
7,"lambda",1e-04,0.710260800382373,0.939,""
7,"lambda",0.001,0.710259504850677,0.823,""
7,"lambda",0.005,0.710253426751011,0.806,""
7,"lambda",0.01,0.710245295175016,0.79,""
7,"lambda",0.05,0.710164334459046,0.808,""
7,"lambda",0.1,0.710033144058011,0.789,""
7,"lambda",0.5,0.708247959676047,0.802,""
7,"lambda",1,0.704955614020351,0.790000000000001,""
7,"gamma_y",0,-0.0523495972709309,0.796999999999999,""
7,"gamma_y",0.1,0.710199449004005,0.807,""
7,"gamma_y",0.5,0.710244156065039,0.811999999999999,""
7,"gamma_y",1,0.710245295175016,0.811999999999999,""
7,"gamma_y",2,0.710245380813119,0.798,""
7,"gamma_y",5,0.710245268930714,0.797000000000001,""
7,"gamma_y",10,0.71024521024781,0.756,""
7,"gamma_y",20,0.710245181569535,0.808,""
7,"k_nn",3,0.815821782884971,0.556000000000001,""
7,"k_nn",5,0.713295674195182,0.752000000000002,""
7,"k_nn",10,0.710245295175016,0.734999999999999,""
7,"k_nn",15,0.690825715104035,0.547000000000001,""
7,"k_nn",25,0.696886246541671,0.574000000000002,""
7,"k_nn",50,0.711333019760081,0.692,""
8,"lambda",1e-04,0.747464069859692,0.935,""
8,"lambda",0.001,0.747462244204446,0.825,""
8,"lambda",0.005,0.747453927391649,0.987,""
8,"lambda",0.01,0.747442844488055,0.789,""
8,"lambda",0.05,0.747333106969589,0.788,""
8,"lambda",0.1,0.747154926697767,0.801,""
8,"lambda",0.5,0.744792822711075,0.802999999999999,""
8,"lambda",1,0.740647098065571,0.802000000000001,""
8,"gamma_y",0,-0.0916673444931407,0.795,""
8,"gamma_y",0.1,0.747395942849935,0.789000000000001,""
8,"gamma_y",0.5,0.747442983533962,0.798,""
8,"gamma_y",1,0.747442844488055,0.827,""
8,"gamma_y",2,0.747442126936673,1.004,""
8,"gamma_y",5,0.747441450009576,0.586,""
8,"gamma_y",10,0.74744116642947,0.787999999999998,""
8,"gamma_y",20,0.747441005158927,0.595000000000001,""
8,"k_nn",3,0.828938436688034,0.734000000000002,""
8,"k_nn",5,0.716860857887026,0.757000000000001,""
8,"k_nn",10,0.747442844488055,0.550999999999998,""
8,"k_nn",15,0.776212421228642,0.747,""
8,"k_nn",25,0.820789426121487,0.791999999999998,""
8,"k_nn",50,0.881331778792065,0.596,""
9,"lambda",1e-04,0.691858094458268,0.956999999999999,""
9,"lambda",0.001,0.691856476112638,0.811,""
9,"lambda",0.005,0.691849388816605,0.816,""
9,"lambda",0.01,0.691840022485401,0.816,""
9,"lambda",0.05,0.691749741819601,0.829000000000001,""
9,"lambda",0.1,0.691606358667586,0.795999999999999,""
9,"lambda",0.5,0.689696532536716,0.809000000000001,""
9,"lambda",1,0.686232709681905,0.783000000000001,""
9,"gamma_y",0,-0.0944182030778131,0.789,""
9,"gamma_y",0.1,0.691801964574942,0.802000000000001,""
9,"gamma_y",0.5,0.691839706122015,0.812999999999999,""
9,"gamma_y",1,0.691840022485401,0.83,""
9,"gamma_y",2,0.691839711558577,0.808,""
9,"gamma_y",5,0.691839353470268,0.83,""
9,"gamma_y",10,0.69183920007176,0.801,""
9,"gamma_y",20,0.69183911488941,0.778,""
9,"k_nn",3,0.701331195569029,0.587000000000003,""
9,"k_nn",5,0.690713621595672,0.773,""
9,"k_nn",10,0.691840022485401,0.733999999999998,""
9,"k_nn",15,0.691098534115686,0.559999999999999,""
9,"k_nn",25,0.791429440004289,0.59,""
9,"k_nn",50,0.915903017999332,0.629999999999999,""
10,"lambda",1e-04,0.78444060619855,0.956,""
10,"lambda",0.001,0.784438974336681,0.845,""
10,"lambda",0.005,0.784431384907836,0.814,""
10,"lambda",0.01,0.784421147279768,0.803,""
10,"lambda",0.05,0.784316877393944,0.798,""
10,"lambda",0.1,0.784142914792371,0.824,""
10,"lambda",0.5,0.781736244537025,0.798999999999999,""
10,"lambda",1,0.777366047385119,0.799000000000001,""
10,"gamma_y",0,-0.126855338269019,0.786999999999999,""
10,"gamma_y",0.1,0.784358053878338,0.812999999999999,""
10,"gamma_y",0.5,0.784419742445414,0.792,""
10,"gamma_y",1,0.784421147279768,0.796000000000001,""
10,"gamma_y",2,0.784421182219902,0.807,""
10,"gamma_y",5,0.784420993766427,0.782,""
10,"gamma_y",10,0.784420913137387,0.759,""
10,"gamma_y",20,0.784420881764033,0.795999999999999,""
10,"k_nn",3,0.836936692885426,0.587,""
10,"k_nn",5,0.82642984456675,0.561,""
10,"k_nn",10,0.784421147279768,0.757999999999999,""
10,"k_nn",15,0.803760473603632,0.768999999999998,""
10,"k_nn",25,0.796615207494183,0.762,""
10,"k_nn",50,0.815770971389353,0.587,""
11,"lambda",1e-04,0.89363342994666,0.93,""
11,"lambda",0.001,0.893632601815903,0.822,""
11,"lambda",0.005,0.893628097699267,0.965,""
11,"lambda",0.01,0.893620936874914,0.842,""
11,"lambda",0.05,0.893519815641812,0.804,""
11,"lambda",0.1,0.893313375124348,0.799000000000001,""
11,"lambda",0.5,0.890031959002777,0.797000000000001,""
11,"lambda",1,0.884151852356368,0.81,""
11,"gamma_y",0,-0.0350426597450474,0.811,""
11,"gamma_y",0.1,0.893472614659236,0.806999999999999,""
11,"gamma_y",0.5,0.893615056177678,0.827,""
11,"gamma_y",1,0.893620936874914,0.806000000000001,""
11,"gamma_y",2,0.893622499519938,0.818,""
11,"gamma_y",5,0.893622934785576,0.822000000000001,""
11,"gamma_y",10,0.893622986321691,0.795999999999999,""
11,"gamma_y",20,0.893622992006451,0.799999999999999,""
11,"k_nn",3,0.820217534212114,0.573,""
11,"k_nn",5,0.864888427066582,0.765000000000001,""
11,"k_nn",10,0.893620936874914,0.568999999999999,""
11,"k_nn",15,0.792804369235187,0.580000000000002,""
11,"k_nn",25,0.767202304605193,0.558000000000003,""
11,"k_nn",50,0.736052103610865,0.503999999999998,""
12,"lambda",1e-04,0.649985470944564,0.952,""
12,"lambda",0.001,0.649984351274496,0.832,""
12,"lambda",0.005,0.649979196235331,0.805,""
12,"lambda",0.01,0.649972406844113,0.802,""
12,"lambda",0.05,0.649907292621015,0.822,""
12,"lambda",0.1,0.64980372209351,0.792,""
12,"lambda",0.5,0.648398717334377,0.798,""
12,"lambda",1,0.6458120116738,0.766999999999999,""
12,"gamma_y",0,-0.143558522999204,0.795999999999999,""
12,"gamma_y",0.1,0.649946928089771,0.778,""
12,"gamma_y",0.5,0.649972395161997,0.802,""
12,"gamma_y",1,0.649972406844113,0.765000000000001,""
12,"gamma_y",2,0.649972088819873,0.802,""
12,"gamma_y",5,0.649971789061348,0.775,""
12,"gamma_y",10,0.649971673573609,0.798999999999999,""
12,"gamma_y",20,0.649971615072221,0.795999999999999,""
12,"k_nn",3,0.747658953260289,0.562000000000001,""
12,"k_nn",5,0.665804650776482,0.773,""
12,"k_nn",10,0.649972406844113,0.766999999999999,""
12,"k_nn",15,0.672958362900049,0.562000000000001,""
12,"k_nn",25,0.687552933266396,0.593,""
12,"k_nn",50,0.709684224147821,0.669,""
13,"lambda",1e-04,0.805584164934898,0.923,""
13,"lambda",0.001,0.805582686348226,0.770999999999999,""
13,"lambda",0.005,0.805575190095081,0.777,""
13,"lambda",0.01,0.805564625070708,0.782,""
13,"lambda",0.05,0.805445003192214,0.825,""
13,"lambda",0.1,0.805230947009323,0.779000000000001,""
13,"lambda",0.5,0.802245614612104,0.789999999999999,""
13,"lambda",1,0.797145762599435,0.768000000000001,""
13,"gamma_y",0,-0.124367918050957,0.766,""
13,"gamma_y",0.1,0.805427336188029,0.795999999999999,""
13,"gamma_y",0.5,0.805557975652765,0.811,""
13,"gamma_y",1,0.805564625070708,0.783000000000001,""
13,"gamma_y",2,0.805566831587051,0.798999999999999,""
13,"gamma_y",5,0.805567689423285,0.812999999999999,""
13,"gamma_y",10,0.805567840002384,0.815000000000001,""
13,"gamma_y",20,0.805567857667247,0.788,""
13,"k_nn",3,0.825546463527243,0.568999999999999,""
13,"k_nn",5,0.835465358794152,0.762999999999998,""
13,"k_nn",10,0.805564625070708,0.763000000000002,""
13,"k_nn",15,0.830773992054516,0.554000000000002,""
13,"k_nn",25,0.858789917784082,0.611000000000001,""
13,"k_nn",50,0.891546462155818,0.73,""
14,"lambda",1e-04,0.89252687553412,0.962,""
14,"lambda",0.001,0.892526073675303,0.826,""
14,"lambda",0.005,0.892520921433267,0.801,""
14,"lambda",0.01,0.892512132031123,0.787,""
14,"lambda",0.05,0.892380038671602,0.782999999999999,""
14,"lambda",0.1,0.892110090011471,0.803,""
14,"lambda",0.5,0.888129349037884,0.794,""
14,"lambda",1,0.881409934355413,0.789,""
14,"gamma_y",0,-0.117176973453367,0.763999999999999,""
14,"gamma_y",0.1,0.892265066841924,0.798,""
14,"gamma_y",0.5,0.892499066012041,0.792999999999999,""
14,"gamma_y",1,0.892512132031123,0.763,""
14,"gamma_y",2,0.89251667236687,0.765000000000001,""
14,"gamma_y",5,0.892518637181014,0.56,""
14,"gamma_y",10,0.892519142960656,0.789,""
14,"gamma_y",20,0.892519361711284,0.785,""
14,"k_nn",3,0.850167851795781,0.751999999999999,""
14,"k_nn",5,0.866622607225176,0.757000000000001,""
14,"k_nn",10,0.892512132031123,0.766000000000002,""
14,"k_nn",15,0.921842349034145,0.760000000000002,""
14,"k_nn",25,0.930671922923116,0.742999999999999,""
14,"k_nn",50,0.948029440300666,0.640000000000001,""
15,"lambda",1e-04,0.856402489621596,0.963,""
15,"lambda",0.001,0.856401390199551,0.84,""
15,"lambda",0.005,0.856395778974411,1.024,""
15,"lambda",0.01,0.856387645287488,0.778,""
15,"lambda",0.05,0.856288441426433,0.795,""
15,"lambda",0.1,0.856098543564387,0.824000000000001,""
15,"lambda",0.5,0.8531166515667,0.776,""
15,"lambda",1,0.847622050671507,0.827999999999999,""
15,"gamma_y",0,-0.0678405788417827,0.797999999999998,""
15,"gamma_y",0.1,0.856256252829106,0.790000000000001,""
15,"gamma_y",0.5,0.856381578749827,0.803000000000001,""
15,"gamma_y",1,0.856387645287488,0.802999999999999,""
15,"gamma_y",2,0.856389640753264,0.811,""
15,"gamma_y",5,0.856390460818803,0.837,""
15,"gamma_y",10,0.856390659713008,0.811999999999999,""
15,"gamma_y",20,0.856390740488197,0.802000000000001,""
15,"k_nn",3,0.818149052875443,0.576000000000001,""
15,"k_nn",5,0.835245197018226,0.774000000000001,""
15,"k_nn",10,0.856387645287488,0.564,""
15,"k_nn",15,0.876773268106932,0.585000000000001,""
15,"k_nn",25,0.88252015133726,0.581,""
15,"k_nn",50,0.909994189334941,0.510000000000002,""
16,"lambda",1e-04,0.766082162728869,0.758,""
16,"lambda",0.001,0.766080699955934,0.662,""
16,"lambda",0.005,0.766073777168848,0.637,""
16,"lambda",0.01,0.766064508343177,0.63,""
16,"lambda",0.05,0.765969824130692,0.656,""
16,"lambda",0.1,0.765810744156452,0.644,""
16,"lambda",0.5,0.763570417959896,0.63,""
16,"lambda",1,0.759457155537136,0.635,""
16,"gamma_y",0,-0.0861835466677263,0.601,""
16,"gamma_y",0.1,0.766004794625442,0.66,""
16,"gamma_y",0.5,0.76606311305016,0.66,""
16,"gamma_y",1,0.766064508343177,0.665000000000001,""
16,"gamma_y",2,0.766064600923663,0.676,""
16,"gamma_y",5,0.766064459886225,0.673,""
16,"gamma_y",10,0.766064386802348,0.673999999999999,""
16,"gamma_y",20,0.76606435021016,0.657999999999999,""
16,"k_nn",3,0.710662633018078,0.484999999999999,""
16,"k_nn",5,0.773913159238956,0.634,""
16,"k_nn",10,0.766064508343177,0.620999999999999,""
16,"k_nn",15,0.797104565224705,0.488,""
16,"k_nn",25,0.80904083329335,0.495000000000001,""
16,"k_nn",50,0.847622491077773,0.605,""
17,"lambda",1e-04,0.893343332897191,0.803,""
17,"lambda",0.001,0.893342535038074,0.691,""
17,"lambda",0.005,0.893337583793841,0.672,""
17,"lambda",0.01,0.893328868126013,0.636,""
17,"lambda",0.05,0.893191141091088,0.662,""
17,"lambda",0.1,0.892905409824029,0.632,""
17,"lambda",0.5,0.888737715752566,0.633,""
17,"lambda",1,0.881843014268396,0.638000000000001,""
17,"gamma_y",0,-0.0983122404962797,0.623,""
17,"gamma_y",0.1,0.893066138028712,0.637,""
17,"gamma_y",0.5,0.893315450793648,0.632,""
17,"gamma_y",1,0.893328868126013,0.635,""
17,"gamma_y",2,0.893333402796379,0.638,""
17,"gamma_y",5,0.893335318195077,0.649999999999999,""
17,"gamma_y",10,0.893335809358118,0.647,""
17,"gamma_y",20,0.893336026799991,0.640000000000001,""
17,"k_nn",3,0.86040919130599,0.49,""
17,"k_nn",5,0.889265518116352,0.629,""
17,"k_nn",10,0.893328868126013,0.617000000000001,""
17,"k_nn",15,0.902742378921498,0.625,""
17,"k_nn",25,0.923681700283534,0.489000000000001,""
17,"k_nn",50,0.938495143845514,0.481999999999999,""
18,"lambda",1e-04,0.895551621065681,0.797,""
18,"lambda",0.001,0.895551155996287,0.702,""
18,"lambda",0.005,0.895548019975382,0.667,""
18,"lambda",0.01,0.895542679291094,0.641,""
18,"lambda",0.05,0.89545880690533,0.627000000000001,""
18,"lambda",0.1,0.895276506980698,0.654999999999999,""
18,"lambda",0.5,0.892217119776692,0.62,""
18,"lambda",1,0.886608920422201,0.63,""
18,"gamma_y",0,-0.116449239404309,0.609999999999999,""
18,"gamma_y",0.1,0.895452250635677,0.632,""
18,"gamma_y",0.5,0.895542882073165,0.652000000000001,""
18,"gamma_y",1,0.895542679291094,0.649999999999999,""
18,"gamma_y",2,0.895541314411403,0.658000000000001,""
18,"gamma_y",5,0.895540051060302,0.67,""
18,"gamma_y",10,0.895539559712079,0.671000000000001,""
18,"gamma_y",20,0.895539306967229,0.654,""
18,"k_nn",3,0.783290739459785,0.501999999999999,""
18,"k_nn",5,0.807178393399736,0.491,""
18,"k_nn",10,0.895542679291094,0.632000000000001,""
18,"k_nn",15,0.914168070381364,0.634,""
18,"k_nn",25,0.928592752037032,0.619,""
18,"k_nn",50,0.883021290867798,0.570999999999998,""
19,"lambda",1e-04,0.682845324915601,0.765,""
19,"lambda",0.001,0.682844084325783,0.66,""
19,"lambda",0.005,0.682838464825582,0.635,""
19,"lambda",0.01,0.682830970021785,0.624000000000001,""
19,"lambda",0.05,0.682756511806065,0.653,""
19,"lambda",0.1,0.682634110940679,0.641,""
19,"lambda",0.5,0.680916569060036,0.64,""
19,"lambda",1,0.677741772899614,0.639,""
19,"gamma_y",0,-0.0919171499150539,0.628000000000001,""
19,"gamma_y",0.1,0.682800169471755,0.655999999999999,""
19,"gamma_y",0.5,0.682831298780231,0.661999999999999,""
19,"gamma_y",1,0.682830970021785,0.662000000000001,""
19,"gamma_y",2,0.682830369604128,0.661,""
19,"gamma_y",5,0.682829854798169,0.674000000000001,""
19,"gamma_y",10,0.682829655340084,0.663,""
19,"gamma_y",20,0.682829550195795,0.657,""
19,"k_nn",3,0.696710379253274,0.482000000000001,""
19,"k_nn",5,0.710972687165434,0.624000000000001,""
19,"k_nn",10,0.682830970021785,0.619999999999997,""
19,"k_nn",15,0.683411460612981,0.635000000000002,""
19,"k_nn",25,0.696882766731454,0.629000000000001,""
19,"k_nn",50,0.739654965970413,0.607000000000003,""
20,"lambda",1e-04,0.916896565273713,0.802,""
20,"lambda",0.001,0.916895745083601,0.703,""
20,"lambda",0.005,0.916890625358785,0.680000000000001,""
20,"lambda",0.01,0.916881593713123,0.665,""
20,"lambda",0.05,0.916740267067269,0.67,""
20,"lambda",0.1,0.916447958274092,0.664000000000001,""
20,"lambda",0.5,0.91221685552912,0.666,""
20,"lambda",1,0.905177728168146,0.633,""
20,"gamma_y",0,-0.102235250378878,0.644,""
20,"gamma_y",0.1,0.916600613588783,0.654,""
20,"gamma_y",0.5,0.916866357648272,0.659000000000001,""
20,"gamma_y",1,0.916881593713123,0.641,""
20,"gamma_y",2,0.916886996027068,0.643999999999998,""
20,"gamma_y",5,0.916889399482023,0.646000000000001,""
20,"gamma_y",10,0.916890041031905,0.635,""
20,"gamma_y",20,0.916890328597893,0.66,""
20,"k_nn",3,0.864103787722454,0.503,""
20,"k_nn",5,0.893501621855893,0.624999999999998,""
20,"k_nn",10,0.916881593713123,0.614999999999998,""
20,"k_nn",15,0.926055272713938,0.489999999999998,""
20,"k_nn",25,0.933192125344566,0.501999999999999,""
20,"k_nn",50,0.941932132600972,0.640999999999998,""
21,"lambda",1e-04,0.713969380580863,0.823,""
21,"lambda",0.001,0.713968562892987,0.705,""
21,"lambda",0.005,0.71396463914583,0.694,""
21,"lambda",0.01,0.713959188223563,0.678,""
21,"lambda",0.05,0.713898520036435,0.677,""
21,"lambda",0.1,0.713788158988076,0.676,""
21,"lambda",0.5,0.712034187913139,0.675,""
21,"lambda",1,0.708601808095138,0.653,""
21,"gamma_y",0,-0.0537287439736582,0.645999999999999,""
21,"gamma_y",0.1,0.713921955485018,0.686,""
21,"gamma_y",0.5,0.713959433294632,0.669,""
21,"gamma_y",1,0.713959188223563,0.667,""
21,"gamma_y",2,0.713958556484355,0.678000000000001,""
21,"gamma_y",5,0.713958003247262,0.666,""
21,"gamma_y",10,0.713957795504443,0.654,""
21,"gamma_y",20,0.713957691036214,0.676,""
21,"k_nn",3,0.737321811169325,0.523,""
21,"k_nn",5,0.713809082702401,0.51,""
21,"k_nn",10,0.713959188223563,0.634,""
21,"k_nn",15,0.716470190948232,0.649999999999999,""
21,"k_nn",25,0.7221980632189,0.638000000000002,""
21,"k_nn",50,0.721100835365613,0.566000000000003,""
22,"lambda",1e-04,0.731875881127318,0.813,""
22,"lambda",0.001,0.731873882668344,0.708,""
22,"lambda",0.005,0.731864651742638,0.677,""
22,"lambda",0.01,0.731852670387256,0.652,""
22,"lambda",0.05,0.731742218037191,0.665,""
22,"lambda",0.1,0.731574540311592,0.659,""
22,"lambda",0.5,0.729465656978128,0.652,""
22,"lambda",1,0.725651733150101,0.646000000000001,""
22,"gamma_y",0,-0.0936140862468175,0.635000000000002,""
22,"gamma_y",0.1,0.731806858393894,0.644,""
22,"gamma_y",0.5,0.731851350612624,0.645,""
22,"gamma_y",1,0.731852670387256,0.789999999999999,""
22,"gamma_y",2,0.731852909173777,0.662000000000001,""
22,"gamma_y",5,0.731852926759346,0.642000000000001,""
22,"gamma_y",10,0.731852925043762,0.638999999999999,""
22,"gamma_y",20,0.731852931385383,0.631,""
22,"k_nn",3,0.752186210992878,0.504000000000001,""
22,"k_nn",5,0.765088639312944,0.655000000000001,""
22,"k_nn",10,0.731852670387256,0.670999999999999,""
22,"k_nn",15,0.707725991454884,0.634999999999998,""
22,"k_nn",25,0.699641770080522,0.515000000000001,""
22,"k_nn",50,0.74212786472416,0.566000000000003,""
23,"lambda",1e-04,0.781547258277461,0.827,""
23,"lambda",0.001,0.781544478037816,0.694,""
23,"lambda",0.005,0.781531772427598,0.679,""
23,"lambda",0.01,0.781515198514083,0.672,""
23,"lambda",0.05,0.781361256156177,0.663,""
23,"lambda",0.1,0.781127039179984,0.661,""
23,"lambda",0.5,0.778305327300447,0.651999999999999,""
23,"lambda",1,0.773552760396002,0.664999999999999,""
23,"gamma_y",0,-0.107149234708161,0.646000000000001,""
23,"gamma_y",0.1,0.78145366518142,0.658999999999999,""
23,"gamma_y",0.5,0.781513789884844,0.664,""
23,"gamma_y",1,0.781515198514083,0.802,""
23,"gamma_y",2,0.78151524747635,0.683,""
23,"gamma_y",5,0.781515030444481,0.677000000000001,""
23,"gamma_y",10,0.781514901558797,0.686,""
23,"gamma_y",20,0.781514818484781,0.677999999999999,""
23,"k_nn",3,0.732542508101389,0.491,""
23,"k_nn",5,0.699490806270627,0.634999999999998,""
23,"k_nn",10,0.781515198514083,0.636000000000003,""
23,"k_nn",15,0.810759011855108,0.631999999999998,""
23,"k_nn",25,0.83706172727902,0.620000000000001,""
23,"k_nn",50,0.882198068250383,0.551000000000002,""
24,"lambda",1e-04,0.901418819234206,0.813,""
24,"lambda",0.001,0.901417986463253,0.711,""
24,"lambda",0.005,0.901413111119612,0.818,""
24,"lambda",0.01,0.901404859058939,0.665,""
24,"lambda",0.05,0.901278156649106,0.666,""
24,"lambda",0.1,0.901014093683907,0.662999999999999,""
24,"lambda",0.5,0.897035427741188,0.656000000000001,""
24,"lambda",1,0.890290913820879,0.665999999999999,""
24,"gamma_y",0,-0.12895791534191,0.652000000000001,""
24,"gamma_y",0.1,0.901182301310196,0.664,""
24,"gamma_y",0.5,0.901394538591671,0.657999999999999,""
24,"gamma_y",1,0.901404859058939,0.675000000000001,""
24,"gamma_y",2,0.901408116726302,0.683,""
24,"gamma_y",5,0.901409378022279,0.682,""
24,"gamma_y",10,0.901409671791894,0.653,""
24,"gamma_y",20,0.901409793747031,0.69,""
24,"k_nn",3,0.730781375660649,0.661,""
24,"k_nn",5,0.890977327806534,0.658999999999999,""
24,"k_nn",10,0.901404859058939,0.654,""
24,"k_nn",15,0.899572917236756,0.654,""
24,"k_nn",25,0.906995553902948,0.481000000000002,""
24,"k_nn",50,0.839430388767849,0.556999999999999,""
25,"lambda",1e-04,0.77822551749809,0.826,""
25,"lambda",0.001,0.778224412362389,0.706,""
25,"lambda",0.005,0.77821913659341,0.693000000000001,""
25,"lambda",0.01,0.778211643630688,0.673999999999999,""
25,"lambda",0.05,0.778125609507304,0.685,""
25,"lambda",0.1,0.777968431431225,0.668,""
25,"lambda",0.5,0.775602586914106,0.666,""
25,"lambda",1,0.771273956187432,0.653,""
25,"gamma_y",0,-0.116686179929051,0.679,""
25,"gamma_y",0.1,0.778117817721259,0.677999999999999,""
25,"gamma_y",0.5,0.778207692740419,0.679,""
25,"gamma_y",1,0.778211643630688,0.667,""
25,"gamma_y",2,0.778212825749559,0.699,""
25,"gamma_y",5,0.778213253984696,0.692,""
25,"gamma_y",10,0.778213349372157,0.677,""
25,"gamma_y",20,0.778213390271459,0.680999999999999,""
25,"k_nn",3,0.779106039340417,0.524000000000001,""
25,"k_nn",5,0.768254729480222,0.682,""
25,"k_nn",10,0.778211643630688,0.667999999999999,""
25,"k_nn",15,0.779301079036028,0.489000000000001,""
25,"k_nn",25,0.785480664607959,0.512,""
25,"k_nn",50,0.801167831425513,0.564,""
26,"lambda",1e-04,0.83455384131086,0.86,""
26,"lambda",0.001,0.834552315859097,0.728,""
26,"lambda",0.005,0.834544676084994,0.798999999999999,""
26,"lambda",0.01,0.834534018820365,0.703,""
26,"lambda",0.05,0.834416836675631,0.702999999999999,""
26,"lambda",0.1,0.834210196592853,0.697,""
26,"lambda",0.5,0.831264046928203,0.685,""
26,"lambda",1,0.826055852768005,0.696,""
26,"gamma_y",0,-0.0782808077486863,0.676,""
26,"gamma_y",0.1,0.834403879760051,0.718,""
26,"gamma_y",0.5,0.83452744595239,0.720000000000001,""
26,"gamma_y",1,0.834534018820365,0.702999999999999,""
26,"gamma_y",2,0.834536316746569,0.718999999999999,""
26,"gamma_y",5,0.834537322769086,0.716000000000001,""
26,"gamma_y",10,0.834537577608824,0.702999999999999,""
26,"gamma_y",20,0.834537681762944,0.706000000000001,""
26,"k_nn",3,0.79583893075386,0.609,""
26,"k_nn",5,0.86269791483682,0.698,""
26,"k_nn",10,0.834534018820365,0.596,""
26,"k_nn",15,0.878184791856778,0.609999999999999,""
26,"k_nn",25,0.89763590219002,0.599999999999998,""
26,"k_nn",50,0.932279681237115,0.596,""
27,"lambda",1e-04,0.692192174483199,0.851,""
27,"lambda",0.001,0.692191228866394,0.792,""
27,"lambda",0.005,0.69218677403765,0.791,""
27,"lambda",0.01,0.692180614934259,0.787,""
27,"lambda",0.05,0.692112348572536,0.8,""
27,"lambda",0.1,0.691989454990721,0.782,""
27,"lambda",0.5,0.69015103752355,0.775,""
27,"lambda",1,0.686794046559712,0.796999999999999,""
27,"gamma_y",0,-0.0625902226256934,0.770000000000001,""
27,"gamma_y",0.1,0.692157361896992,0.803999999999998,""
27,"gamma_y",0.5,0.692182883259442,0.813000000000001,""
27,"gamma_y",1,0.692180614934259,0.801,""
27,"gamma_y",2,0.692178918239194,0.808,""
27,"gamma_y",5,0.692177714836936,0.799999999999999,""
27,"gamma_y",10,0.692177289161172,0.821000000000002,""
27,"gamma_y",20,0.69217707642298,0.811999999999999,""
27,"k_nn",3,0.759180445134408,0.746000000000002,""
27,"k_nn",5,0.743045251990174,0.709,""
27,"k_nn",10,0.692180614934259,0.580000000000002,""
27,"k_nn",15,0.685371264673009,0.564999999999998,""
27,"k_nn",25,0.690849916182297,0.938000000000002,""
27,"k_nn",50,0.727494262972998,0.690999999999999,""
28,"lambda",1e-04,0.852785950699224,0.848,""
28,"lambda",0.001,0.852784924729862,0.801,""
28,"lambda",0.005,0.852779573127804,0.979,""
28,"lambda",0.01,0.852771224061307,0.758999999999999,""
28,"lambda",0.05,0.852655716648981,0.78,""
28,"lambda",0.1,0.852424202570945,0.772,""
28,"lambda",0.5,0.848977654757827,0.773999999999999,""
28,"lambda",1,0.843129782371039,0.786,""
28,"gamma_y",0,-0.131436779328282,0.779,""
28,"gamma_y",0.1,0.85258809213298,0.788,""
28,"gamma_y",0.5,0.852762627860571,0.784000000000001,""
28,"gamma_y",1,0.852771224061307,0.786,""
28,"gamma_y",2,0.852774007503138,0.801,""
28,"gamma_y",5,0.852775131556998,0.797000000000001,""
28,"gamma_y",10,0.852775406505897,0.792,""
28,"gamma_y",20,0.852775523571585,0.790999999999999,""
28,"k_nn",3,0.855738664028343,0.559000000000001,""
28,"k_nn",5,0.836590252103253,0.552,""
28,"k_nn",10,0.852771224061307,0.724,""
28,"k_nn",15,0.854862145621159,0.753,""
28,"k_nn",25,0.881718887640885,0.756,""
28,"k_nn",50,0.911448849952704,0.744,""
29,"lambda",1e-04,0.755380021976019,0.971,""
29,"lambda",0.001,0.755376431453653,0.831,""
29,"lambda",0.005,0.755360541795596,0.842000000000001,""
29,"lambda",0.01,0.755340107358673,0.803,""
29,"lambda",0.05,0.755159070150017,0.815,""
29,"lambda",0.1,0.754897369041925,0.827000000000001,""
29,"lambda",0.5,0.751941794344052,0.801,""
29,"lambda",1,0.747115181381014,0.823,""
29,"gamma_y",0,-0.118202330518404,0.793999999999999,""
29,"gamma_y",0.1,0.755274023462009,0.811,""
29,"gamma_y",0.5,0.7553373136902,0.815999999999999,""
29,"gamma_y",1,0.755340107358673,0.813000000000001,""
29,"gamma_y",2,0.755340969558265,0.809999999999999,""
29,"gamma_y",5,0.755341291948367,0.802000000000001,""
29,"gamma_y",10,0.755341358131612,0.814,""
29,"gamma_y",20,0.755341378985795,0.807000000000002,""
29,"k_nn",3,0.678404026649923,0.600000000000001,""
29,"k_nn",5,0.689434879994424,0.585999999999999,""
29,"k_nn",10,0.755340107358673,0.556999999999999,""
29,"k_nn",15,0.693689448963482,0.57,""
29,"k_nn",25,0.69091208960156,0.565000000000001,""
29,"k_nn",50,0.725423328556827,0.707999999999998,""
30,"lambda",1e-04,0.756356114239731,0.934,""
30,"lambda",0.001,0.756354904423757,0.796,""
30,"lambda",0.005,0.756349061750497,0.773,""
30,"lambda",0.01,0.7563409540805,0.759,""
30,"lambda",0.05,0.756252654344816,0.737,""
30,"lambda",0.1,0.75609758488831,0.758,""
30,"lambda",0.5,0.753854079680505,0.744999999999999,""
30,"lambda",1,0.749761038425167,0.751000000000001,""
30,"gamma_y",0,-0.0928558073377012,0.769,""
30,"gamma_y",0.1,0.756268438461492,0.796999999999999,""
30,"gamma_y",0.5,0.756338737838871,0.779,""
30,"gamma_y",1,0.7563409540805,0.757,""
30,"gamma_y",2,0.75634133696275,0.784000000000001,""
30,"gamma_y",5,0.756341293864134,0.772,""
30,"gamma_y",10,0.756341221706516,0.806999999999999,""
30,"gamma_y",20,0.756341169461555,0.798,""
30,"k_nn",3,0.790321700028653,0.562999999999999,""
30,"k_nn",5,0.795249783171632,0.717000000000002,""
30,"k_nn",10,0.7563409540805,0.719999999999999,""
30,"k_nn",15,0.734460797964815,0.553000000000001,""
30,"k_nn",25,0.716513278744848,0.724999999999998,""
30,"k_nn",50,0.727167895295746,0.75,""
31,"lambda",1e-04,0.90610901865951,0.966,""
31,"lambda",0.001,0.906108055410472,0.819,""
31,"lambda",0.005,0.906102610034276,0.817,""
31,"lambda",0.01,0.90609360180006,0.79,""
31,"lambda",0.05,0.905968667520147,0.790999999999999,""
31,"lambda",0.1,0.905724218476026,0.796,""
31,"lambda",0.5,0.90211586364374,0.783999999999999,""
31,"lambda",1,0.895783587824719,0.783999999999999,""
31,"gamma_y",0,-0.105472652878026,0.772,""
31,"gamma_y",0.1,0.905883203074115,0.766999999999999,""
31,"gamma_y",0.5,0.906082339260902,0.805,""
31,"gamma_y",1,0.90609360180006,0.972,""
31,"gamma_y",2,0.906097533279044,0.809000000000001,""
31,"gamma_y",5,0.906099195517929,0.824,""
31,"gamma_y",10,0.906099612255333,0.798,""
31,"gamma_y",20,0.906099790156607,0.807999999999998,""
31,"k_nn",3,0.849671076216144,0.574000000000002,""
31,"k_nn",5,0.872064015770165,0.774000000000001,""
31,"k_nn",10,0.90609360180006,0.772000000000002,""
31,"k_nn",15,0.893815896723771,0.766000000000002,""
31,"k_nn",25,0.894137280747492,0.750999999999998,""
31,"k_nn",50,0.924114187866755,0.593,""
32,"lambda",1e-04,0.730255623137641,0.933,""
32,"lambda",0.001,0.730254449720956,0.817,""
32,"lambda",0.005,0.7302490537839,0.962999999999999,""
32,"lambda",0.01,0.730241730027507,0.838,""
32,"lambda",0.05,0.730164783712574,0.782999999999999,""
32,"lambda",0.1,0.730033065450899,0.794,""
32,"lambda",0.5,0.728144041290978,0.800000000000001,""
32,"lambda",1,0.72460707972046,0.821999999999999,""
32,"gamma_y",0,-0.148516042327837,0.788,""
32,"gamma_y",0.1,0.730215358854675,0.813000000000001,""
32,"gamma_y",0.5,0.730243437107961,0.786999999999999,""
32,"gamma_y",1,0.730241730027507,0.811,""
32,"gamma_y",2,0.730240331336853,0.796999999999999,""
32,"gamma_y",5,0.730239319926556,0.815000000000001,""
32,"gamma_y",10,0.730238966392289,0.75,""
32,"gamma_y",20,0.730238794866737,0.762999999999998,""
32,"k_nn",3,0.840144589891673,0.600000000000001,""
32,"k_nn",5,0.777029249177128,0.554000000000002,""
32,"k_nn",10,0.730241730027507,0.753,""
32,"k_nn",15,0.724367942469175,0.765000000000001,""
32,"k_nn",25,0.723121669230597,0.739000000000001,""
32,"k_nn",50,0.807262239532117,0.666,""
33,"lambda",1e-04,0.66951173461177,0.943,""
33,"lambda",0.001,0.669510628540391,0.818,""
33,"lambda",0.005,0.66950549951707,0.813,""
33,"lambda",0.01,0.669498677878661,0.793,""
33,"lambda",0.05,0.669429503195663,0.798999999999999,""
33,"lambda",0.1,0.669313929173125,0.793000000000001,""
33,"lambda",0.5,0.667694142159693,0.792,""
33,"lambda",1,0.664725678507956,0.769,""
33,"gamma_y",0,-0.0420281429014334,0.785,""
33,"gamma_y",0.1,0.669478417311811,0.792,""
33,"gamma_y",0.5,0.669500201975612,0.798,""
33,"gamma_y",1,0.669498677878661,0.770999999999999,""
33,"gamma_y",2,0.669497490983595,0.779,""
33,"gamma_y",5,0.669496648697448,0.773000000000001,""
33,"gamma_y",10,0.669496350711688,0.763,""
33,"gamma_y",20,0.669496201661991,0.790000000000001,""
33,"k_nn",3,0.724585505713547,0.584,""
33,"k_nn",5,0.685357507235578,0.763999999999999,""
33,"k_nn",10,0.669498677878661,0.751999999999999,""
33,"k_nn",15,0.688829578669341,0.558,""
33,"k_nn",25,0.699675299190176,0.589000000000002,""
33,"k_nn",50,0.811504091017392,0.716999999999999,""
34,"lambda",1e-04,0.733152844514259,0.958,""
34,"lambda",0.001,0.733152032538611,0.821000000000001,""
34,"lambda",0.005,0.733147988248763,0.809,""
34,"lambda",0.01,0.733142234395878,0.815,""
34,"lambda",0.05,0.733076131431442,0.804,""
34,"lambda",0.1,0.732954317811703,0.797,""
34,"lambda",0.5,0.731084664193926,0.813000000000001,""
34,"lambda",1,0.727622159546249,0.796000000000001,""
34,"gamma_y",0,-0.108107207440405,0.798,""
34,"gamma_y",0.1,0.733099612576892,0.807,""
34,"gamma_y",0.5,0.733142558982639,0.800000000000001,""
34,"gamma_y",1,0.733142234395878,0.811999999999999,""
34,"gamma_y",2,0.733141463526765,0.798,""
34,"gamma_y",5,0.733140785805725,0.814,""
34,"gamma_y",10,0.73314052611197,0.817,""
34,"gamma_y",20,0.733140393257554,0.797999999999998,""
34,"k_nn",3,0.863593431180699,0.756,""
34,"k_nn",5,0.763267794569795,0.550999999999998,""
34,"k_nn",10,0.733142234395878,0.571000000000002,""
34,"k_nn",15,0.743311626693574,0.551000000000002,""
34,"k_nn",25,0.763660789898077,0.803000000000001,""
34,"k_nn",50,0.801068325805912,0.483000000000001,""
35,"lambda",1e-04,0.714431764736054,0.96,""
35,"lambda",0.001,0.714430067902142,0.835,""
35,"lambda",0.005,0.714422287975822,0.816999999999999,""
35,"lambda",0.01,0.714412072738698,0.811,""
35,"lambda",0.05,0.714315654178228,0.794,""
35,"lambda",0.1,0.714166118934483,0.815,""
35,"lambda",0.5,0.712244871885571,0.818999999999999,""
35,"lambda",1,0.708836653263904,0.791,""
35,"gamma_y",0,-0.0867698974062356,0.798,""
35,"gamma_y",0.1,0.714374609834686,0.824999999999999,""
35,"gamma_y",0.5,0.714411636479284,0.81,""
35,"gamma_y",1,0.714412072738698,0.816000000000001,""
35,"gamma_y",2,0.714411843437416,0.823,""
35,"gamma_y",5,0.714411552398302,0.814,""
35,"gamma_y",10,0.71441143339428,0.824,""
35,"gamma_y",20,0.714411372996185,0.816000000000001,""
35,"k_nn",3,0.77409465873835,0.614000000000001,""
35,"k_nn",5,0.666480569533261,0.565999999999999,""
35,"k_nn",10,0.714412072738698,0.758000000000003,""
35,"k_nn",15,0.688003022149477,0.751000000000001,""
35,"k_nn",25,0.713317888586131,0.762,""
35,"k_nn",50,0.729050252564404,0.573,""
36,"lambda",1e-04,0.920946783188601,0.875,""
36,"lambda",0.001,0.920945985421872,0.781,""
36,"lambda",0.005,0.920940561431693,0.778,""
36,"lambda",0.01,0.920930460230887,0.788,""
36,"lambda",0.05,0.920766250868213,0.809,""
36,"lambda",0.1,0.920429980832076,0.801,""
36,"lambda",0.5,0.915798283586981,0.767000000000001,""
36,"lambda",1,0.908408944094683,0.793000000000001,""
36,"gamma_y",0,-0.0757169849615785,0.790000000000001,""
36,"gamma_y",0.1,0.920588896608204,0.790000000000001,""
36,"gamma_y",0.5,0.920911231183819,0.805,""
36,"gamma_y",1,0.920930460230887,0.795999999999999,""
36,"gamma_y",2,0.920937336297752,0.811,""
36,"gamma_y",5,0.92094042058097,0.808,""
36,"gamma_y",10,0.920941255726703,0.821,""
36,"gamma_y",20,0.920941637049202,0.823,""
36,"k_nn",3,0.850674120157502,0.595000000000002,""
36,"k_nn",5,0.896865733588932,0.550000000000001,""
36,"k_nn",10,0.920930460230887,0.757999999999999,""
36,"k_nn",15,0.921706363918708,0.765999999999998,""
36,"k_nn",25,0.925647975999766,0.765999999999998,""
36,"k_nn",50,0.928838412812118,0.684000000000001,""
37,"lambda",1e-04,0.814743389860121,0.939000000000001,""
37,"lambda",0.001,0.814740148315486,0.818,""
37,"lambda",0.005,0.814722740843321,0.803,""
37,"lambda",0.01,0.814700027196468,0.785,""
37,"lambda",0.05,0.814489380416933,0.816999999999999,""
37,"lambda",0.1,0.814174710026659,0.809,""
37,"lambda",0.5,0.810651628427801,0.788,""
37,"lambda",1,0.805088948198481,0.766,""
37,"gamma_y",0,-0.067455519576569,0.779999999999999,""
37,"gamma_y",0.1,0.814568733958734,0.799999999999999,""
37,"gamma_y",0.5,0.814692306719962,0.804,""
37,"gamma_y",1,0.814700027196468,0.772,""
37,"gamma_y",2,0.814703016568678,0.795,""
37,"gamma_y",5,0.814704547006466,0.772,""
37,"gamma_y",10,0.814705047941463,0.800000000000001,""
37,"gamma_y",20,0.814705319567231,0.795000000000002,""
37,"k_nn",3,0.844601013921415,0.786999999999999,""
37,"k_nn",5,0.803985051985596,0.774999999999999,""
37,"k_nn",10,0.814700027196468,0.792999999999999,""
37,"k_nn",15,0.872291086203274,0.793999999999997,""
37,"k_nn",25,0.88908699442968,0.584999999999997,""
37,"k_nn",50,0.918659442207876,0.619,""
38,"lambda",1e-04,0.854368575753413,0.906,""
38,"lambda",0.001,0.854367528651347,0.797,""
38,"lambda",0.005,0.854362251517469,0.976,""
38,"lambda",0.01,0.854354436933605,0.805000000000001,""
38,"lambda",0.05,0.854256965275312,0.766,""
38,"lambda",0.1,0.854069151554622,0.808999999999999,""
38,"lambda",0.5,0.851173242520483,0.767000000000001,""
38,"lambda",1,0.845962212803039,0.831,""
38,"gamma_y",0,-0.0654976972953312,0.777000000000001,""
38,"gamma_y",0.1,0.854225140083057,0.779999999999999,""
38,"gamma_y",0.5,0.854348644847315,0.768000000000001,""
38,"gamma_y",1,0.854354436933605,0.760999999999999,""
38,"gamma_y",2,0.854356265064819,0.796000000000001,""
38,"gamma_y",5,0.854356998338146,0.778,""
38,"gamma_y",10,0.854357196022008,0.787000000000001,""
38,"gamma_y",20,0.854357297535488,0.825999999999999,""
38,"k_nn",3,0.885393474549382,0.777999999999999,""
38,"k_nn",5,0.829265652304658,0.722000000000001,""
38,"k_nn",10,0.854354436933605,0.780000000000001,""
38,"k_nn",15,0.808586606462701,0.753,""
38,"k_nn",25,0.659284816318638,0.571000000000002,""
38,"k_nn",50,0.732917515876619,0.657,""
39,"lambda",1e-04,0.717673426665883,0.944,""
39,"lambda",0.001,0.717672113739596,0.846000000000001,""
39,"lambda",0.005,0.717665884201294,0.989,""
39,"lambda",0.01,0.717657528308892,0.832,""
39,"lambda",0.05,0.717572854331403,0.798999999999999,""
39,"lambda",0.1,0.717431784798959,0.814,""
39,"lambda",0.5,0.715474702678198,0.800000000000001,""
39,"lambda",1,0.711921265543203,0.798,""
39,"gamma_y",0,-0.0937465142489749,0.802,""
39,"gamma_y",0.1,0.717594942801072,0.816000000000001,""
39,"gamma_y",0.5,0.717655108696548,0.811999999999999,""
39,"gamma_y",1,0.717657528308892,0.811999999999999,""
39,"gamma_y",2,0.71765821428042,0.824999999999999,""
39,"gamma_y",5,0.717658465775769,0.840000000000002,""
39,"gamma_y",10,0.717658539412952,0.795000000000002,""
39,"gamma_y",20,0.717658585283925,0.821,""
39,"k_nn",3,0.712388335682712,0.581,""
39,"k_nn",5,0.713302971717986,0.578000000000003,""
39,"k_nn",10,0.717657528308892,0.780999999999999,""
39,"k_nn",15,0.723954458771049,0.794,""
39,"k_nn",25,0.735708986406035,0.792999999999999,""
39,"k_nn",50,0.846132147943625,0.567999999999998,""
40,"lambda",1e-04,0.791077991332875,0.964,""
40,"lambda",0.001,0.791076380794648,0.84,""
40,"lambda",0.005,0.791068812892731,0.83,""
40,"lambda",0.01,0.791058551319468,0.812,""
40,"lambda",0.05,0.790952062433108,0.806,""
40,"lambda",0.1,0.790771169422945,0.815,""
40,"lambda",0.5,0.788199096048625,0.817,""
40,"lambda",1,0.783515480345346,0.801,""
40,"gamma_y",0,-0.0886150617278351,0.782,""
40,"gamma_y",0.1,0.79098426546909,0.827999999999999,""
40,"gamma_y",0.5,0.79105645091454,0.824999999999999,""
40,"gamma_y",1,0.791058551319468,0.835000000000001,""
40,"gamma_y",2,0.791058868088368,0.817,""
40,"gamma_y",5,0.79105880564248,0.795999999999999,""
40,"gamma_y",10,0.791058745167825,0.807,""
40,"gamma_y",20,0.791058710550229,0.815999999999999,""
40,"k_nn",3,0.723195371424006,0.591000000000001,""
40,"k_nn",5,0.761365357349532,0.571999999999999,""
40,"k_nn",10,0.791058551319468,0.568999999999999,""
40,"k_nn",15,0.807252327787744,0.582000000000001,""
40,"k_nn",25,0.850583378977835,0.748000000000001,""
40,"k_nn",50,0.913879523368596,0.699999999999999,""
41,"lambda",1e-04,0.85505504705664,0.792,""
41,"lambda",0.001,0.855054129882634,0.688,""
41,"lambda",0.005,0.855048893746219,0.669,""
41,"lambda",0.01,0.855040242901408,0.654,""
41,"lambda",0.05,0.854913239921051,0.669,""
41,"lambda",0.1,0.854657052326638,0.654,""
41,"lambda",0.5,0.850976848916485,0.656,""
41,"lambda",1,0.844830892652078,0.625999999999999,""
41,"gamma_y",0,-0.0587174051480411,0.661,""
41,"gamma_y",0.1,0.85483706336473,0.661999999999999,""
41,"gamma_y",0.5,0.855031190990391,0.655000000000001,""
41,"gamma_y",1,0.855040242901408,0.644,""
41,"gamma_y",2,0.855042923400295,0.649000000000001,""
41,"gamma_y",5,0.855043846987507,0.651000000000002,""
41,"gamma_y",10,0.855044025887431,0.641999999999999,""
41,"gamma_y",20,0.85504408786848,0.613000000000001,""
41,"k_nn",3,0.835693027005766,0.622,""
41,"k_nn",5,0.871059942753286,0.594000000000001,""
41,"k_nn",10,0.855040242901408,0.609999999999999,""
41,"k_nn",15,0.879340031565481,0.606999999999999,""
41,"k_nn",25,0.887491410812866,0.473000000000003,""
41,"k_nn",50,0.924989609292287,0.574999999999999,""
42,"lambda",1e-04,0.88006644388798,0.815,""
42,"lambda",0.001,0.880065392024542,0.696,""
42,"lambda",0.005,0.880059894171133,0.669,""
42,"lambda",0.01,0.880051455091224,0.68,""
42,"lambda",0.05,0.879936758214955,0.649,""
42,"lambda",0.1,0.879705829226143,0.657,""
42,"lambda",0.5,0.876221227223677,0.659000000000001,""
42,"lambda",1,0.870220043076431,0.649999999999999,""
42,"gamma_y",0,-0.0981457658227217,0.661,""
42,"gamma_y",0.1,0.879861564340938,0.657,""
42,"gamma_y",0.5,0.880041897667604,0.66,""
42,"gamma_y",1,0.880051455091224,0.782,""
42,"gamma_y",2,0.880054785458957,0.667,""
42,"gamma_y",5,0.880056296556791,0.662000000000001,""
42,"gamma_y",10,0.880056727502315,0.665000000000001,""
42,"gamma_y",20,0.880056937882487,0.643000000000001,""
42,"k_nn",3,0.71037506504903,0.505000000000001,""
42,"k_nn",5,0.856916868160073,0.659000000000001,""
42,"k_nn",10,0.880051455091224,0.640999999999998,""
42,"k_nn",15,0.662175280457512,0.640000000000001,""
42,"k_nn",25,0.715342269225253,0.629999999999999,""
42,"k_nn",50,0.67979054724596,0.552000000000003,""
43,"lambda",1e-04,0.835787736825088,0.754,""
43,"lambda",0.001,0.835786062678068,0.637,""
43,"lambda",0.005,0.835778375438829,0.628,""
43,"lambda",0.01,0.835767847618953,0.619,""
43,"lambda",0.05,0.835654919277443,0.647,""
43,"lambda",0.1,0.83545860913772,0.641999999999999,""
43,"lambda",0.5,0.832638977570637,0.627,""
43,"lambda",1,0.827569489958196,0.622999999999999,""
43,"gamma_y",0,-0.0869874435599785,0.618999999999999,""
43,"gamma_y",0.1,0.835671143943292,0.652000000000001,""
43,"gamma_y",0.5,0.835764277926104,0.637,""
43,"gamma_y",1,0.835767847618953,0.648,""
43,"gamma_y",2,0.835768769926793,0.647,""
43,"gamma_y",5,0.835769028137425,0.658999999999999,""
43,"gamma_y",10,0.83576906637138,0.642000000000001,""
43,"gamma_y",20,0.835769078821189,0.652999999999999,""
43,"k_nn",3,0.846605976678621,0.612,""
43,"k_nn",5,0.840883024054478,0.475999999999999,""
43,"k_nn",10,0.835767847618953,0.486000000000001,""
43,"k_nn",15,0.75997787018353,0.466000000000001,""
43,"k_nn",25,0.710908703521576,0.626999999999999,""
43,"k_nn",50,0.70198238311808,0.486000000000001,""
44,"lambda",1e-04,0.859014410156487,0.801,""
44,"lambda",0.001,0.859013551912803,0.688,""
44,"lambda",0.005,0.859009214762597,0.78,""
44,"lambda",0.01,0.859002756655864,0.685,""
44,"lambda",0.05,0.85891856589852,0.648,""
44,"lambda",0.1,0.858748893350456,0.657,""
44,"lambda",0.5,0.855944332959015,0.652,""
44,"lambda",1,0.850746299724597,0.637,""
44,"gamma_y",0,-0.126963534873593,0.654,""
44,"gamma_y",0.1,0.85889729931943,0.657999999999999,""
44,"gamma_y",0.5,0.858999276140585,0.656000000000001,""
44,"gamma_y",1,0.859002756655864,0.661,""
44,"gamma_y",2,0.85900352832427,0.657999999999999,""
44,"gamma_y",5,0.859003655483166,0.66,""
44,"gamma_y",10,0.85900364245509,0.641,""
44,"gamma_y",20,0.859003627892063,0.661999999999999,""
44,"k_nn",3,0.868832277607463,0.505000000000001,""
44,"k_nn",5,0.834175632781223,0.651,""
44,"k_nn",10,0.859002756655864,0.632000000000001,""
44,"k_nn",15,0.81794680855697,0.617999999999999,""
44,"k_nn",25,0.827303102262487,0.628,""
44,"k_nn",50,0.870434085438529,0.562999999999999,""
45,"lambda",1e-04,0.68327780850694,0.801,""
45,"lambda",0.001,0.683276125326728,0.684,""
45,"lambda",0.005,0.683268417772346,0.67,""
45,"lambda",0.01,0.683258379442396,0.67,""
45,"lambda",0.05,0.683165679566455,0.678,""
45,"lambda",0.1,0.683024747291969,0.656,""
45,"lambda",0.5,0.681271617473932,0.663,""
45,"lambda",1,0.678156146027991,0.633999999999999,""
45,"gamma_y",0,-0.115477633694996,0.659000000000001,""
45,"gamma_y",0.1,0.683228614255397,0.663,""
45,"gamma_y",0.5,0.683258292128675,0.66,""
45,"gamma_y",1,0.683258379442396,0.657999999999999,""
45,"gamma_y",2,0.683258050580812,0.670999999999999,""
45,"gamma_y",5,0.683257722376248,0.666,""
45,"gamma_y",10,0.683257589576683,0.666,""
45,"gamma_y",20,0.683257518816896,0.662000000000001,""
45,"k_nn",3,0.688927101584015,0.514999999999999,""
45,"k_nn",5,0.692272542661504,0.634,""
45,"k_nn",10,0.683258379442396,0.640000000000001,""
45,"k_nn",15,0.686701441940036,0.660999999999998,""
45,"k_nn",25,0.682268438502505,0.616999999999997,""
45,"k_nn",50,0.695517008306562,0.571999999999999,""
46,"lambda",1e-04,0.911714550749078,0.818,""
46,"lambda",0.001,0.9117137541478,0.692,""
46,"lambda",0.005,0.911708861839957,0.818000000000001,""
46,"lambda",0.01,0.911700335692444,0.647,""
46,"lambda",0.05,0.911569766503582,0.646,""
46,"lambda",0.1,0.911306251148031,0.645,""
46,"lambda",0.5,0.907515277797617,0.642,""
46,"lambda",1,0.901159690724757,0.654000000000001,""
46,"gamma_y",0,-0.0378988878199534,0.648999999999999,""
46,"gamma_y",0.1,0.911457695733946,0.654999999999999,""
46,"gamma_y",0.5,0.911687532244529,0.646000000000001,""
46,"gamma_y",1,0.911700335692444,0.645999999999999,""
46,"gamma_y",2,0.911704697994887,0.661,""
46,"gamma_y",5,0.9117065494466,0.667,""
46,"gamma_y",10,0.911707026862054,0.649000000000001,""
46,"gamma_y",20,0.911707239480402,0.664000000000001,""
46,"k_nn",3,0.802343186439684,0.651999999999999,""
46,"k_nn",5,0.885233401009476,0.629,""
46,"k_nn",10,0.911700335692444,0.640999999999998,""
46,"k_nn",15,0.914732607893656,0.652000000000001,""
46,"k_nn",25,0.92231744699219,0.483000000000001,""
46,"k_nn",50,0.917232978877495,0.556000000000001,""
47,"lambda",1e-04,0.743133660905415,0.8,""
47,"lambda",0.001,0.743116003907182,0.695,""
47,"lambda",0.005,0.743033715837139,0.662,""
47,"lambda",0.01,0.742930061081873,0.67,""
47,"lambda",0.05,0.742079114582284,0.683,""
47,"lambda",0.1,0.740974547391947,0.653,""
47,"lambda",0.5,0.73137764129651,0.646999999999999,""
47,"lambda",1,0.718939314729522,0.636000000000001,""
47,"gamma_y",0,-0.0271661509927122,0.656000000000001,""
47,"gamma_y",0.1,0.74266831002311,0.657,""
47,"gamma_y",0.5,0.742906762283082,0.659000000000001,""
47,"gamma_y",1,0.742930061081873,0.661,""
47,"gamma_y",2,0.742940987171134,0.66,""
47,"gamma_y",5,0.7429472523381,0.664999999999999,""
47,"gamma_y",10,0.742949264560569,0.675000000000001,""
47,"gamma_y",20,0.742950241787837,0.649000000000001,""
47,"k_nn",3,0.693354439735076,0.643000000000001,""
47,"k_nn",5,0.720059707505108,0.504000000000001,""
47,"k_nn",10,0.742930061081873,0.619999999999997,""
47,"k_nn",15,0.814244232587373,0.495000000000001,""
47,"k_nn",25,0.882708108533723,0.495000000000001,""
47,"k_nn",50,0.907115510228685,0.460000000000001,""
48,"lambda",1e-04,0.900274052544419,0.819,""
48,"lambda",0.001,0.900273180569383,0.698,""
48,"lambda",0.005,0.900268271610803,0.823,""
48,"lambda",0.01,0.900260255646437,0.662,""
48,"lambda",0.05,0.900143888504171,0.664,""
48,"lambda",0.1,0.899904951715115,0.663,""
48,"lambda",0.5,0.896263957298306,0.649999999999999,""
48,"lambda",1,0.889932670163224,0.678,""
48,"gamma_y",0,-0.105223938466715,0.646000000000001,""
48,"gamma_y",0.1,0.900069547207899,0.656999999999998,""
48,"gamma_y",0.5,0.900251529401478,0.676,""
48,"gamma_y",1,0.900260255646437,0.646000000000001,""
48,"gamma_y",2,0.900262984880422,0.671999999999999,""
48,"gamma_y",5,0.900264016660625,0.669,""
48,"gamma_y",10,0.900264248784056,0.661,""
48,"gamma_y",20,0.900264342670347,0.657999999999999,""
48,"k_nn",3,0.848554456305517,0.497,""
48,"k_nn",5,0.883300430023038,0.648999999999999,""
48,"k_nn",10,0.900260255646437,0.648,""
48,"k_nn",15,0.90996066855706,0.651,""
48,"k_nn",25,0.908062863865338,0.637,""
48,"k_nn",50,0.921157064429005,0.57,""
49,"lambda",1e-04,0.746353497152439,0.765,""
49,"lambda",0.001,0.74635219433928,0.655,""
49,"lambda",0.005,0.746346012925925,0.79,""
49,"lambda",0.01,0.746337563358469,0.687,""
49,"lambda",0.05,0.746249098512261,0.649,""
49,"lambda",0.1,0.746098340799111,0.641,""
49,"lambda",0.5,0.743945858914353,0.628,""
49,"lambda",1,0.740009541375674,0.662,""
49,"gamma_y",0,-0.0415691563060156,0.648,""
49,"gamma_y",0.1,0.746267686350759,0.648,""
49,"gamma_y",0.5,0.746335019430467,0.66,""
49,"gamma_y",1,0.746337563358469,0.631,""
49,"gamma_y",2,0.746338188148187,0.667,""
49,"gamma_y",5,0.746338316850778,0.66,""
49,"gamma_y",10,0.746338307685227,0.644,""
49,"gamma_y",20,0.746338288695232,0.668000000000001,""
49,"k_nn",3,0.737837111623952,0.491,""
49,"k_nn",5,0.771735674098533,0.604000000000001,""
49,"k_nn",10,0.746337563358469,0.478999999999999,""
49,"k_nn",15,0.73087059320124,0.489999999999998,""
49,"k_nn",25,0.71823456945643,0.494,""
49,"k_nn",50,0.722847249550866,0.48,""
50,"lambda",1e-04,0.920309433119058,0.831,""
50,"lambda",0.001,0.920308664053983,0.693,""
50,"lambda",0.005,0.920303917598248,0.858,""
50,"lambda",0.01,0.920295454932051,0.665,""
50,"lambda",0.05,0.920157046791601,0.676,""
50,"lambda",0.1,0.91986260240414,0.661,""
50,"lambda",0.5,0.915449993299728,0.651,""
50,"lambda",1,0.908141329691973,0.677,""
50,"gamma_y",0,-0.0922613682455212,0.643000000000001,""
50,"gamma_y",0.1,0.920017288139365,0.656000000000001,""
50,"gamma_y",0.5,0.920281174911453,0.661,""
50,"gamma_y",1,0.920295454932051,0.644,""
50,"gamma_y",2,0.920300353627362,0.663,""
50,"gamma_y",5,0.920302484628889,0.656000000000001,""
50,"gamma_y",10,0.92030305196195,0.654,""
50,"gamma_y",20,0.92030331041167,0.676,""
50,"k_nn",3,0.862912607178611,0.668999999999999,""
50,"k_nn",5,0.898195340959329,0.657999999999999,""
50,"k_nn",10,0.920295454932051,0.66,""
50,"k_nn",15,0.922885953752946,0.640000000000001,""
50,"k_nn",25,0.923819941837216,0.488,""
50,"k_nn",50,0.920891844433983,0.559000000000001,""
